increments_0,increments_1,increments_2,increments_3,increments_4,increments_5,increments_6,increments_7,prev_j_positions_0,prev_j_positions_1,prev_j_positions_2,prev_j_positions_3,prev_j_positions_4,prev_j_positions_5,prev_j_positions_6,prev_j_positions_7,prev_base_pos_x,prev_base_pos_y,prev_base_pos_z,prev_base_ori_alpha,prev_base_ori_beta,prev_base_ori_gamma
-0.12613042184979575,0.0592668035715147,-0.016786578894676548,0.0677800951256792,-0.11571158936695432,0.12617263354711244,-0.11233828915145022,0.11664962958204433,-0.0004229545593261719,1.5691816806793213,-0.004001617431640625,1.5529615879058838,-0.0005266666412353516,1.551494836807251,0.0003905296325683594,1.5697166919708252,0.11783488839864731,0.0,0.0,-1.2099115338060074e-05,0.0003434645477682352,0.0003088919911533594
-0.002215149549820688,-0.059729389948448,0.00922277568198988,0.03559674689610316,0.13085571102673998,-0.016162405450600235,0.05333625721559753,-0.010902756058436335,-0.12137269973754883,1.571723222732544,-0.024121761322021484,1.5722687244415283,-0.11494088172912598,1.571112871170044,-0.11252856254577637,1.5743906497955322,-0.0033466520253568888,-0.0009530153474770486,0.11797875165939331,-4.2888768803095445e-05,0.00012745504500344396,0.03346068412065506
-0.018971973123591394,0.10377103818132309,-0.12070400547309003,-0.04734204986272795,0.08351289763745497,0.036392155481101154,0.0024148461513304616,0.007654066407280281,-0.12466669082641602,1.5295994281768799,-0.01938486099243164,1.5753748416900635,0.012445449829101562,1.5603077411651611,-0.057524919509887695,1.568798303604126,-0.00047007304965518415,0.0014636041596531868,0.11819486320018768,-0.0006386241293512285,-0.0037681879475712776,0.02206599898636341
-0.0542045239396309,0.022588666929305893,0.09117500182786539,0.07204552852291042,-0.0850848206301036,0.013351122607959183,0.07083729064895142,0.033416165378649255,-0.15184307098388672,1.5713598728179932,-0.13172101974487305,1.5275728702545166,0.08714866638183594,1.5712292194366455,-0.04651165008544922,1.571793794631958,0.004184367135167122,0.0016246389131993055,0.11816822737455368,-0.0011377057526260614,0.004763211123645306,0.029754284769296646
-0.03183826512909506,-0.01593833114281746,0.019459634855405798,0.05388825126062396,0.07412755933857,-0.1144555008423139,0.03542843122095147,0.027180323619009225,-0.1974334716796875,1.5711414813995361,-0.04603934288024902,1.5724337100982666,0.007658958435058594,1.5709154605865479,0.0137939453125,1.5711033344268799,0.00442224508151412,0.0009367631282657385,0.11788898706436157,0.00024829863104969263,0.001124255359172821,0.02938258647918701
-0.1280994050192325,-0.06687565483482602,-0.045816930636068315,0.006362434895551549,-0.10765289552981004,0.018345753983715282,-0.10213568855357964,0.026210829206958306,-0.2280290126800537,1.5633528232574463,-0.030707597732543945,1.5727264881134033,0.08505105972290039,1.487941026687622,0.049216270446777344,1.5719549655914307,0.005901743192225695,-0.003808588720858097,0.11855743825435638,0.0021178219467401505,-0.006839682813733816,0.015049198642373085
0.12138247584859398,0.12265867013774787,0.00807666858771412,-0.06910441582781203,0.10733909313323967,0.011235179702194148,-0.10124453303820805,0.00030664418682152707,-0.3508951663970947,1.5120880603790283,-0.08449339866638184,1.5709078311920166,-0.021331071853637695,1.518953561782837,-0.04893016815185547,1.57131028175354,0.0066388193517923355,-0.003163127228617668,0.11859401315450668,-0.00024249721900559962,-0.007569316774606705,0.05642620846629143
0.12644038241864822,-0.04812369189472407,-0.09175459665485798,-0.120004086795198,0.07950399186784438,0.003143055503408043,-0.11546251493251197,0.12060444485653161,-0.23187613487243652,1.573456048965454,-0.07598423957824707,1.51088547706604,0.07975578308105469,1.532787561416626,-0.14838767051696777,1.5724022388458252,0.009896127507090569,-0.0004855819861404598,0.11851193010807037,-0.0004381593025755137,0.00311140320263803,0.03920663893222809
-0.11950325982523412,-0.12227154862660303,-0.0012043477322349406,0.012980064877744073,-0.06268689184469876,-0.020763571885364575,-0.023120503090336333,0.02860432065557067,-0.1073603630065918,1.526989221572876,-0.16489720344543457,1.4096910953521729,0.09245157241821289,1.549591302871704,-0.20113062858581543,1.5724833011627197,0.013148197904229164,0.005847662687301636,0.1193184033036232,-0.004224502481520176,0.009040508419275284,0.05452679097652435
-0.10982105759340548,0.09253309638099494,-0.02862624512556289,0.08534420483418204,0.13048687589121666,-0.03292356581473127,-0.09193784366920045,-0.08352081982181216,-0.2227635383605957,1.4257452487945557,-0.17537546157836914,1.4233973026275635,0.03241777420043945,1.5352346897125244,-0.22638654708862305,1.5710747241973877,0.012531132437288761,0.007104942109435797,0.11945661157369614,-0.006054798141121864,-0.0027505098842084408,0.07153268158435822
0.0007252324103828527,-0.08573637881847126,0.07384907467729553,0.08194799581249114,-0.03978133807015296,-0.035425146182627036,-0.012785966641269929,0.11825656034410348,-0.0011065006256103516,-0.05124020576477051,-0.0005834102630615234,-0.0447077751159668,0.0005946159362792969,-0.05066275596618652,0.0004553794860839844,-0.03781270980834961,0.03359542787075043,0.0,0.0,0.00010230031330138445,-0.001280120573937893,-0.0021778587251901627
0.041923127544749465,0.08219739394600149,0.10336589135157082,0.044108129102097986,-0.06169823204411292,0.01993222857887569,0.012722308393448116,0.04092983568611407,0.0039691925048828125,-0.17404556274414062,0.07312345504760742,0.0028533935546875,-0.04202771186828613,-0.12958288192749023,-0.01089930534362793,0.030250072479248047,-0.0012348555028438568,0.012431482784450054,0.03550661727786064,-8.074715151451528e-05,-0.01422906294465065,0.0011062027188017964
-0.13058770268202854,0.12132244485912075,0.04471474485472659,-0.09403427578957443,-0.036183895078907555,0.12982682421525096,0.04918222624345007,-0.05049896591650644,0.049445152282714844,-0.11867904663085938,0.17478227615356445,0.01402902603149414,-0.09993720054626465,-0.14319348335266113,-0.004207611083984375,0.03331947326660156,-0.0034358720295131207,0.011296129785478115,0.035083409398794174,0.0023026354610919952,-0.010892525315284729,-0.003969870507717133
-0.047825607687062247,0.09456697762089875,-0.10092519007646414,-0.07169682197788929,-0.06386095555096016,0.04598338290871845,0.0449058288177001,0.04766727961656731,-0.006125926971435547,-0.032309532165527344,0.16437196731567383,-0.0847463607788086,-0.13667726516723633,-0.04109311103820801,0.04801607131958008,-0.03574228286743164,-5.421237074187957e-05,0.012551696971058846,0.033957529813051224,-0.002830725396052003,0.001657870365306735,0.0011180409928783774
0.09983342517591903,0.012269959264493247,-0.10903918715696914,0.06931004010962823,0.05424552180702873,-0.03906594962173878,0.0035670492425350087,0.06740845263693483,-0.06676459312438965,0.039656639099121094,0.07446956634521484,-0.1745462417602539,-0.20237207412719727,-0.020294189453125,0.09411287307739258,-0.005242347717285156,0.00028517976170405746,0.014345917850732803,0.03476638346910477,-0.008796499110758305,0.0024247262626886368,0.012607993558049202
0.044161313755466294,-0.07282138008463354,0.12018008765180117,-0.11891241529847285,0.00682713148465712,0.10267462777880891,-0.11181479217413344,0.0361680624751903,0.017580032348632812,0.025780200958251953,-0.024202346801757812,-0.11971545219421387,-0.1498093605041504,-0.07857108116149902,0.10099649429321289,0.038239479064941406,0.0037082426715642214,0.01270791981369257,0.03483209386467934,-0.0009860805002972484,0.004565135110169649,0.02311953715980053
-0.02813704754515193,0.07211343889687584,0.05352419837334954,0.035094302794205695,0.02602788963807134,-0.10081428274674044,0.06535812123433452,-0.02370547095224314,0.05417776107788086,-0.0613703727722168,0.10436248779296875,-0.24382734298706055,-0.14783596992492676,0.0019030570983886719,-0.007626056671142578,0.045401573181152344,-0.004420784767717123,0.01396026648581028,0.035981401801109314,-0.005496918689459562,0.023224417120218277,0.02387300692498684
-0.0015543422447810559,-0.05398748896971657,0.00960797353790889,-0.09847622740305323,-0.10265147874509846,0.10975589175501835,-0.1275835288776562,-0.029673894536662967,0.019405364990234375,-0.0024275779724121094,0.16390466690063477,-0.22361016273498535,-0.11913633346557617,-0.11011719703674316,0.05375957489013672,0.01599264144897461,-0.008042565546929836,0.010634914971888065,0.03604811802506447,-0.005542447790503502,0.0022036023437976837,0.007977628149092197
0.03769910715446028,-0.058729858148457326,0.10693542222407763,0.12702478377464252,-0.10324170399546072,-0.12733316217778898,0.11420163845652401,-0.10875418845723445,0.016556739807128906,-0.06624507904052734,0.17406129837036133,-0.33525729179382324,-0.22493577003479004,-0.01595926284790039,-0.07210469245910645,-0.017529726028442383,-0.011960271745920181,0.014115308411419392,0.03607231378555298,-0.016912823542952538,0.003025486832484603,0.023178277537226677
-0.0004449176924305711,0.016571794767652786,0.00893229504313542,-0.025818327062129616,0.04454962280869205,0.11537391808367004,-0.022873427524185832,-0.03728513484722642,0.07924127578735352,-0.12912511825561523,0.24568605422973633,-0.2200784683227539,-0.3290576934814453,-0.14976072311401367,0.04141092300415039,-0.12930798530578613,-0.016251297667622566,0.009547948837280273,0.036502253264188766,-0.003219786798581481,0.0010565007105469704,0.02683679759502411
0.04732307810286042,-0.12224262080747593,0.08999172781299121,-0.037294949224693646,-0.06405716089593756,-0.04297961701671369,-0.10535438660737524,0.042910333805497095,-0.00107574462890625,1.5691664218902588,-0.0006880760192871094,1.5666439533233643,-0.0003197193145751953,1.5674850940704346,0.00043392181396484375,1.5700953006744385,0.11779522895812988,0.0,0.0,0.00010469763947185129,-0.0006544117350131273,0.00042381961247883737
-0.1073897034372907,-0.04835575511113315,0.040832650360277514,0.01669600765376223,0.12679126149379702,0.05262987096096823,0.08874693284101998,0.05668384741276874,0.046174049377441406,1.453279733657837,0.08951711654663086,1.5311520099639893,-0.0657956600189209,1.5342657566070557,-0.10189366340637207,1.571620225906372,-0.004100955091416836,0.008394352160394192,0.11890579015016556,-0.003130013821646571,-0.006046499591320753,0.0035540563985705376
-0.06809308109439229,-0.03905555439378906,-0.09411250085980853,0.03380862518359879,0.11285708196892352,-0.11260170584250423,0.08112685617302799,-0.06670796777664015,-0.062230825424194336,1.4099552631378174,0.13088178634643555,1.5483686923980713,0.06400060653686523,1.572230577468872,-0.014452695846557617,1.5711767673492432,0.004471801221370697,0.011506916023790836,0.11886422336101532,-0.004577246960252523,-0.004674862138926983,0.0016074631130322814
0.06449263934268712,0.09343031561471064,-0.07580785064679318,0.08005311285856896,-0.010546585662522609,0.012159550323534924,0.034588386744747665,-0.03428801153607785,-0.1342909336090088,1.3813097476959229,0.03622722625732422,1.5711710453033447,0.18247365951538086,1.4665281772613525,0.06710577011108398,1.5297605991363525,0.011188266798853874,0.008532221429049969,0.11979489028453827,-0.0015295754419639707,-0.01147459540516138,-0.002443326637148857
0.0751782647124427,-0.092221866748766,-0.06330607569493488,-0.07463104259103974,-0.06705746835394198,0.09429034555850725,0.019009759726088944,0.06370973307940382,-0.06740546226501465,1.4625685214996338,-0.039775848388671875,1.5723459720611572,0.17420339584350586,1.4748404026031494,0.0989980697631836,1.5075838565826416,0.009632554836571217,0.0045480201952159405,0.1194252148270607,0.001187509624287486,-0.006045140326023102,-0.022338517010211945
-0.05665070640132774,-0.09466904870394469,0.10886192739635153,-0.06820397440611745,0.10117996033064086,-0.033436562150183154,-0.050076605045340054,0.02424638646333447,0.006618976593017578,1.3678019046783447,-0.10421442985534668,1.5115435123443604,0.10685062408447266,1.5674335956573486,0.11925077438354492,1.5711500644683838,0.007621773984283209,0.014400172047317028,0.11898830533027649,-0.0056951516307890415,-0.00399977620691061,-0.0341111458837986
-0.10578869710559693,0.10179885457564826,-0.11438259554246752,-0.0063216255903151795,-0.05157015385606318,-0.05036901405595276,0.10822122766322224,0.10644886372924706,-0.048975229263305664,1.2731640338897705,0.0031976699829101562,1.4550516605377197,0.20657682418823242,1.543544054031372,0.07144689559936523,1.5706140995025635,0.011813019402325153,0.023008549585938454,0.11937040090560913,-0.006168215535581112,-0.0022983690723776817,-0.02858555316925049
0.08771013495440803,0.060784290990641435,0.0682927572323727,0.06815594817758033,-0.01320944310377023,0.09589519750027527,0.03768307712599705,0.00015932643583949576,-0.1582798957824707,1.3721659183502197,-0.11007308959960938,1.4640533924102783,0.1582198143005371,1.4981014728546143,0.1801595687866211,1.571824312210083,0.014369339682161808,0.01825535297393799,0.11980988085269928,-0.004273062571883202,-0.005773923359811306,-0.01072852872312069
0.0198104739382317,-0.12807535765101713,-0.09485589136325198,0.022163412661760237,-0.08539139705068108,0.020869151449987324,0.1287478753807973,-0.019255798469926852,-0.06890630722045898,1.4345457553863525,-0.04246973991394043,1.5410950183868408,0.1456279754638672,1.5730297565460205,0.21613168716430664,1.5715019702911377,0.013007869012653828,0.015356576070189476,0.118885837495327,-0.0037233075127005577,-0.005255298223346472,-0.0315299890935421
-0.06125615484230606,-0.07815308186337788,-0.05195379588805617,-0.039671579027944825,-0.0035671235078375183,0.1277636743100838,0.062809197406513,-0.02182732754125821,-0.0481564998626709,1.2976152896881104,-0.1383962631225586,1.5696241855621338,0.06068754196166992,1.5712034702301025,0.3454413414001465,1.571626901626587,0.017453869804739952,0.03028426691889763,0.11895497888326645,-0.005118498578667641,-0.004928561393171549,-0.0523725263774395
0.08164915161315543,-0.09405515918002152,-0.04682484638189395,0.008405188396698227,-0.04124298915447834,-0.00948221509277768,0.05722495570827332,0.043120207755491836,-0.00107574462890625,1.5691664218902588,-0.0006880760192871094,1.5666439533233643,-0.0003197193145751953,1.5674850940704346,0.00043392181396484375,1.5700953006744385,0.11779522895812988,0.0,0.0,0.00010469763947185129,-0.0006544117350131273,0.00042381961247883737
0.01124326423906425,0.051417641462646255,0.03961072537355476,-0.005665148714873731,0.04878759720946229,-0.1241153590983328,-0.10780978085973533,-0.11342381116834283,0.0810861587524414,1.4867279529571533,-0.04807400703430176,1.5711596012115479,-0.0399324893951416,1.5621569156646729,0.05798149108886719,1.5712740421295166,-0.0012078918516635895,0.006098543759435415,0.11841535568237305,-0.001787387183867395,-0.0054533956572413445,-0.020503079518675804
-0.10636966870071388,-0.12238462602975683,0.04746854592205262,0.06951160902953561,0.10955450069410252,-0.03982002593500858,-0.09467872424643853,0.07094231538987117,0.094085693359375,1.5450127124786377,-0.010797262191772461,1.5659115314483643,0.007687091827392578,1.4403021335601807,-0.04908633232116699,1.4694931507110596,-0.00023728793894406408,-0.005307833198457956,0.11911582946777344,0.005310543812811375,-0.0030042731668800116,-0.02864588052034378
-0.09739406430831488,-0.07508812587561518,-0.05596647928309035,-0.10564063562893349,-0.0851022434402237,-0.05574681841226119,0.0723387846212748,-0.05779185649420016,-0.012874603271484375,1.4230949878692627,0.03730154037475586,1.576819658279419,0.11858510971069336,1.4076473712921143,-0.1414201259613037,1.545269250869751,0.005220374558120966,0.0015031318180263042,0.11970894783735275,0.000571827229578048,-0.01639316789805889,-0.024234216660261154
-0.10942201732503849,0.017312350743682533,-0.08649179079627829,-0.12094850910310082,-0.01723226938951126,0.07520385276801816,-0.05908489489290732,0.12047658216819435,-0.1158597469329834,1.3555634021759033,-0.017150402069091797,1.487957239151001,0.037199974060058594,1.358501672744751,-0.07025337219238281,1.4924099445343018,0.00880011823028326,0.002469917992129922,0.12054634839296341,4.202739000902511e-05,-0.009633000008761883,0.008927353657782078
0.06403557091689972,-0.09792182401687263,0.053413466919011686,-3.0979908741725495e-05,-0.025841886220825228,0.008273084328894072,0.06457507669785993,0.021426562361703334,-0.22703123092651367,1.3606245517730713,-0.10071969032287598,1.3739216327667236,0.018436908721923828,1.4283487796783447,-0.13050031661987305,1.5709784030914307,0.014070059172809124,0.009480156935751438,0.12025076895952225,-0.0033128815703094006,-0.0044259317219257355,0.03939499333500862
0.1277747787025162,0.08596752881920765,-0.02177226666994014,-0.0660241446505556,-0.0599978931111719,-0.04644556785700274,-0.05220352042536323,-0.11363282908592931,-0.1613612174987793,1.2670271396636963,-0.05010032653808594,1.3800089359283447,-0.009243249893188477,1.4377968311309814,-0.06635141372680664,1.5713493824005127,0.01148807629942894,0.011634611524641514,0.12015126645565033,-0.003879257244989276,-0.008565428666770458,0.03721247985959053
-0.08603575956852123,-0.1259096105795295,0.09405415845452525,-0.12586562591768466,0.04726502827536841,-0.01966113510950402,-0.11336832424994778,0.03744579620906081,-0.03497672080993652,1.3551390171051025,-0.06975293159484863,1.329317331314087,-0.06928157806396484,1.3963196277618408,-0.11902260780334473,1.4710867404937744,0.010037487372756004,0.010516920126974583,0.12085255980491638,-0.00199765688739717,-0.0027865932788699865,0.049051057547330856
0.12336829328550825,-0.008672005071029517,-0.04395458491374821,-0.029355684965054658,-0.028612534296220016,0.04196659243068549,-0.017648966545956813,0.06904072520153408,-0.11882805824279785,1.225464105606079,0.022771358489990234,1.215003252029419,-0.021367788314819336,1.37819504737854,-0.23327350616455078,1.5198347568511963,0.008335852064192295,0.014296541921794415,0.12027077376842499,-0.0013892196584492922,-0.008371343836188316,0.020977800711989403
-0.08865595712625655,0.017526621204627783,0.02527939332082368,-0.0983332999051823,0.05904703738873987,-0.024399608504184617,-0.08683444881457603,0.007310219760527677,0.0019593238830566406,1.2087318897247314,-0.01784348487854004,1.185741662979126,-0.0520632266998291,1.4128849506378174,-0.2515299320220947,1.5718796253204346,0.008907883428037167,0.016817785799503326,0.11976899951696396,-0.00012955980491824448,-0.007033477071672678,0.032471396028995514
-0.08514397504704531,-0.1204003481542494,0.03194008660435478,0.060700184427907374,-0.02326368858014511,0.022656347356821586,-0.043378116959304575,-0.03821434491721552,-0.0011065006256103516,-0.05124020576477051,-0.0005834102630615234,-0.0447077751159668,0.0005946159362792969,-0.05066275596618652,0.0004553794860839844,-0.03781270980834961,0.03359542787075043,0.0,0.0,0.00010230031330138445,-0.001280120573937893,-0.0021778587251901627
-0.12688095745064878,0.0214647723439975,0.08115071420888638,0.08978767299834713,0.014083935349378095,-0.09753254836544525,-0.09858950843810908,0.009813505779212521,-0.08777594566345215,-0.2083730697631836,0.031147480010986328,-0.02141404151916504,-0.023285388946533203,-0.07169580459594727,-0.04198932647705078,-0.10158658027648926,6.371195922838524e-05,0.01280969474464655,0.03575744479894638,-0.0058446344919502735,-0.0009394960943609476,0.01529393345117569
0.0074034017125431595,0.10447098562586521,0.06267417055521075,-0.0907388952738247,-0.10919249111498003,0.06802365862744862,-0.07642493886885006,-0.024795607591917356,-0.14968323707580566,-0.2124629020690918,0.023218631744384766,0.030552387237548828,-0.011236906051635742,-0.200577974319458,-0.14245867729187012,-0.12075948715209961,0.0019606174901127815,0.011532489210367203,0.036749254912137985,1.2034092833346222e-05,-0.016202060505747795,0.029059801250696182
0.06629832056207184,0.12582498055661945,0.04598063507592961,0.11211887836579457,-0.0058367672877973654,-0.07710128951251091,-0.12085842395223943,0.06614442557216353,-0.11112809181213379,-0.1429746150970459,0.057367801666259766,-0.07821106910705566,-0.12233710289001465,-0.1630704402923584,-0.21869516372680664,-0.1644737720489502,-0.0008371183066628873,0.010257316753268242,0.03588838130235672,0.0030203182250261307,-0.004561418667435646,0.04839722067117691
-0.1290970003373107,0.10439049841188325,-0.07064268709740056,0.014934919841891327,0.07439867645414379,-0.027953370845119657,0.11880650810071405,0.10631846513585212,-0.05605626106262207,-0.043039798736572266,0.11166191101074219,0.003650188446044922,-0.15329885482788086,-0.2570812702178955,-0.31438565254211426,-0.11735677719116211,-0.0035754041746258736,0.008858834393322468,0.03552300110459328,0.011781164444983006,-0.006926531903445721,0.04565379023551941
-0.09366941169624854,-0.09587098082813217,0.10481766178431412,0.10035233394735656,-0.09214495669251505,0.05247291169362826,-0.0211861446058759,-0.0811312344122079,-0.15500140190124512,0.02666950225830078,0.011204242706298828,0.0012874603271484375,-0.07402849197387695,-0.3025698661804199,-0.19980931282043457,-0.026542186737060547,0.007179136388003826,0.008398369885981083,0.03610997274518013,0.010702278465032578,-0.015072109177708626,0.07115247845649719
-0.018519465221123743,-0.07234729599879086,-0.11884400885969805,-0.11743704114485634,-0.1100106244018868,-0.12396765761178467,0.08059896011458806,-0.07855533990881709,-0.18429207801818848,-0.07637166976928711,-0.024438142776489258,0.06516599655151367,-0.1652202606201172,-0.2616386413574219,-0.22575950622558594,-0.12358427047729492,0.00625112559646368,0.009450278244912624,0.036158058792352676,0.007774611935019493,-0.009360562078654766,0.08939439058303833
-0.00876632252573252,-0.04349314998251945,0.12429135801362759,-0.11495227620356913,-0.017903285087161935,-0.06940102367331204,0.04909031210830392,-0.09970666958619272,-0.24051284790039062,-0.1571667194366455,-0.09728479385375977,-0.05405879020690918,-0.27330470085144043,-0.4028496742248535,-0.14916658401489258,-0.21684575080871582,0.007486536633223295,0.007195207756012678,0.037482473999261856,0.013166132383048534,-0.020258961245417595,0.13670523464679718
-0.05058082738640536,0.048540557062224536,0.023174156818477783,-0.005163851459743252,-0.09448812870447383,-0.02874582069350133,0.02352878311620101,0.08312596053100532,-0.21513032913208008,-0.22318291664123535,-0.04548835754394531,-0.1639094352722168,-0.28876709938049316,-0.4867985248565674,-0.10437560081481934,-0.32592320442199707,0.007882777601480484,0.007736195810139179,0.03901299834251404,0.011676534079015255,-0.009496476501226425,0.1383061558008194
-0.040771619019363076,0.12805725422280506,0.1253796282547955,-0.07817458124320181,0.10154023137862626,-0.08226806333463903,0.10098807574480582,-0.10994483320913119,-0.2053508758544922,-0.1938638687133789,-0.03744840621948242,-0.16130590438842773,-0.3816370964050293,-0.5317182540893555,-0.0823509693145752,-0.2467515468597412,0.004662635270506144,0.00607986468821764,0.03898991644382477,0.01249683927744627,-0.010231607593595982,0.1539362668991089
-0.030408823098873893,-0.035393114474785055,-0.05598208586409755,-0.0867207750047792,0.09453303299312595,-0.10623267685241247,-0.027211954148344084,0.02907570684025174,-0.0011065006256103516,-0.05124020576477051,-0.0005834102630615234,-0.0447077751159668,0.0005946159362792969,-0.05066275596618652,0.0004553794860839844,-0.03781270980834961,0.03359542787075043,0.0,0.0,0.00010230031330138445,-0.001280120573937893,-0.0021778587251901627
0.04023884463015599,0.0269065115238178,-0.037689844350160526,-0.025759586927218612,0.07287118740839231,-0.009935654710701566,-0.00674807586601573,0.12560998452728434,-0.031366586685180664,-0.13122844696044922,-0.05693340301513672,-0.1658627986907959,0.09552955627441406,-0.19658851623535156,-0.026458740234375,-0.03985857963562012,0.0031761135905981064,0.011318759061396122,0.03635912016034126,0.0012413522927090526,-0.0010458354372531176,-0.009892827831208706
-0.03957267876966717,-0.10455668461114682,-0.0016407572340627638,0.12712731811523703,-0.09207075020297438,0.00038892255847059804,-0.10676344737086474,0.06126865013299322,0.010112285614013672,-0.1367659568786621,-0.0958859920501709,-0.22073030471801758,0.14536428451538086,-0.23951363563537598,-0.01131749153137207,0.05572843551635742,0.005973625462502241,0.011851365678012371,0.03740902990102768,0.0029989297036081553,0.004955452401190996,-0.013117971830070019
0.07968127822730439,-0.0026638396380967264,-0.04215709709156888,-0.028000723390242916,0.027711538914376953,-0.04891011569775906,-0.04764554189252275,-0.02230201440897877,-0.029423236846923828,-0.25916147232055664,-0.09858369827270508,-0.12032341957092285,0.05129575729370117,-0.2727854251861572,-0.11304831504821777,0.0791316032409668,0.002081210957840085,0.010821674019098282,0.03799693286418915,0.003871438791975379,-0.014777849428355694,0.011017045006155968
0.04007739462245016,-0.11424785682833555,0.10068932322348481,0.12081984464677503,-0.041272871257809575,-0.02653160676548618,0.03462112865627455,0.02481864507909855,0.05000782012939453,-0.28380608558654785,-0.13947844505310059,-0.17059683799743652,0.043279170989990234,-0.33730578422546387,-0.13728952407836914,0.040271759033203125,-0.00026086694560945034,0.011633070185780525,0.03866306692361832,0.002579199383035302,-0.018231965601444244,0.0026798604521900415
-0.04140504798389836,0.06558743823699992,-0.05682879920820128,0.030160288219959478,0.06544636885750894,0.036650283141866344,0.00429175887472723,-0.028983216250288102,0.09266519546508789,-0.4201242923736572,-0.03984856605529785,-0.07035183906555176,0.012197017669677734,-0.38755106925964355,-0.11379241943359375,0.049074649810791016,-0.002180976327508688,0.01184256561100483,0.0391983762383461,0.0013563757529482245,-0.060141295194625854,-0.004140079487115145
-0.08473227971236717,-0.055345809419386154,0.08226605170063167,-0.026423643363721588,0.09940778893067916,0.08104900446208098,-0.010085167236078718,0.019853710895631673,0.05118608474731445,-0.372053861618042,-0.09711408615112305,-0.05507707595825195,0.06511592864990234,-0.3711123466491699,-0.1044924259185791,0.013997554779052734,0.003410867415368557,0.010609107092022896,0.038786180317401886,0.00046844794997014105,-0.06088552251458168,-0.007101177703589201
0.04647230210868827,-0.05455297728356249,0.02296949660399766,-0.08420314161606622,0.10227735923173865,-0.04143840107749363,0.07698634660724413,0.10308446827249568,-0.033647775650024414,-0.4429607391357422,-0.014975786209106445,-0.0957651138305664,0.10947751998901367,-0.31580519676208496,-0.0667874813079834,0.02346324920654297,0.009093102067708969,0.011653340421617031,0.03897063434123993,-0.0028903011698275805,-0.05527081340551376,-0.00026254216209053993
-0.11961911454778461,0.01410205322675994,-0.057031760436807036,0.013680565027449767,0.01990990170909789,0.07386490755426495,-0.005386075124879966,0.09658482651119038,0.013583660125732422,-0.5107448101043701,0.00856161117553711,-0.18892621994018555,0.18445825576782227,-0.3663325309753418,0.023475170135498047,0.09633064270019531,0.015868673101067543,0.015725545585155487,0.04099201411008835,-0.0016475921729579568,-0.00679320003837347,-0.03146929293870926
0.052861760827534916,-0.09459938014787929,-0.06260211858781284,-0.09741613306772644,0.06323221467311492,0.0449716458628741,-0.08306045667553491,-0.033649561272882156,-0.1057584285736084,-0.5051045417785645,-0.048757314682006836,-0.18296551704406738,0.1932997703552246,-0.29952025413513184,0.04368400573730469,0.16247224807739258,0.021287081763148308,0.014783221296966076,0.04330787435173988,0.010375906713306904,-0.004744566511362791,-0.016661059111356735
-0.09482501088917518,0.053263387616052774,0.043604193161424956,0.05040645663331746,0.054984574129190326,-0.09270757127316002,0.06483202680345693,-0.025152465173506826,-0.00107574462890625,1.5691664218902588,-0.0006880760192871094,1.5666439533233643,-0.0003197193145751953,1.5674850940704346,0.00043392181396484375,1.5700953006744385,0.11779522895812988,0.0,0.0,0.00010469763947185129,-0.0006544117350131273,0.00042381961247883737
0.04655663462767115,0.08445188389992492,0.11678518278730607,0.12284152837293721,-0.053059070541052154,0.027570913962413984,0.033399662720500246,-0.024054391846183267,-0.09513282775878906,1.5708954334259033,0.0426478385925293,1.5712921619415283,0.05802106857299805,1.4807922840118408,0.06580162048339844,1.5459253787994385,0.0019825308118015528,-0.006864901632070541,0.1186077892780304,0.0032673198729753494,-0.003222877159714699,-0.009823489002883434
-0.024056554041091843,-0.11742427585409018,0.12786587115869505,0.0841789397535026,-0.0803758861583639,-0.12114224519654318,-0.04776710016735716,-0.1048881605464676,-0.04541587829589844,1.5712988376617432,0.15804052352905273,1.5813639163970947,0.005845069885253906,1.510051965713501,0.09927511215209961,1.5239250659942627,-0.001894323155283928,-0.004775128327310085,0.11852717399597168,0.002783623756840825,-0.0017409255960956216,-0.020716475322842598
-0.08301147520344566,0.07676513228504334,0.020967963623508813,0.053071734770665416,-0.0030741755673615164,-0.03444079620817418,-0.12097776400922636,-0.03610696250894325,-0.04070162773132324,1.5005486011505127,0.25028133392333984,1.5726377964019775,-0.07482099533081055,1.3878214359283447,0.05160188674926758,1.4223062992095947,-0.004409925080835819,-0.00745638832449913,0.11989735066890717,0.0052291592583060265,-0.003327094716951251,-0.010800563730299473
-0.11728267311902484,0.08923854803744183,-0.0101664962440868,-0.07797567354723255,-0.010964595117196094,-0.12740080892584307,-0.12221967030987724,0.06599406793763893,-0.04574990272521973,1.570899248123169,0.2444758415222168,1.5735304355621338,-0.08094382286071777,1.3535330295562744,-0.06779599189758301,1.3844082355499268,-0.004644220229238272,-0.010663272812962532,0.1195749044418335,0.007061885204166174,0.0015664745587855577,-0.0010765312472358346
0.11426720862541662,-0.033288885160701574,-0.04805160004716853,-0.1293650081294793,0.05494457142092066,0.07537597753124346,-0.009130965092758979,-0.008083017724479205,-0.07591581344604492,1.5713045597076416,0.21695613861083984,1.5588018894195557,-0.09554600715637207,1.2276098728179932,-0.18747806549072266,1.4456884860992432,-0.00496169226244092,-0.00949116051197052,0.11921912431716919,0.006336056627333164,-0.00011585284664761275,0.011595540679991245
-0.013178013638709721,-0.12130118633265002,0.11081457072620478,-0.09401621770024418,0.07192918185823333,-0.008463378335518303,0.0338284759485798,0.024072773247661185,0.0049896240234375,1.567084550857544,0.18729496002197266,1.4817965030670166,-0.04333806037902832,1.2959606647491455,-0.19885778427124023,1.4399864673614502,-0.0034279616083949804,-0.003269878914579749,0.11977794021368027,0.004974152892827988,0.006526409648358822,-0.0008226074860431254
0.02365924020331779,0.050131401604607335,-0.03904351691575332,-0.11225035548646589,-0.06065242362500814,-0.09127856952446088,0.1020552397136607,0.034227598173356695,-0.004192352294921875,1.479259729385376,0.29570674896240234,1.4284231662750244,0.0274200439453125,1.2859013080596924,-0.16516923904418945,1.4608948230743408,-0.00418094964697957,-0.000597055593971163,0.1205095648765564,-7.698311674175784e-05,-0.006456022150814533,-0.027280552312731743
-0.11614585256357707,-0.01999604314288586,-0.10311457087857284,0.05294032217583703,-0.10332755949046939,-0.09955700867336728,-0.0050957057467878614,-0.09056091980481684,-0.0030028820037841797,1.5514271259307861,0.2649111747741699,1.3523352146148682,-0.031216144561767578,1.195862054824829,-0.06459903717041016,1.49507737159729,-0.006795512046664953,0.005055373068898916,0.1202818900346756,-0.0014032842591404915,-0.0005086976452730596,-0.022325359284877777
0.08907010453917825,0.01202222496295533,-0.013449066773426142,-0.014625427314061247,-0.02768920016439291,0.11462231867395754,-0.11772985017722401,-0.11892535893573736,-0.11822724342346191,1.5549871921539307,0.1555953025817871,1.4424269199371338,-0.13358592987060547,1.0917513370513916,-0.07367181777954102,1.4118492603302002,-0.004856138955801725,-0.0040822201408445835,0.11963824182748795,-0.00047682825243100524,0.017888206988573074,0.02287321537733078
0.08151966778503182,0.03909248274858121,-0.12585309493074448,-0.12588899073835058,0.058554727373582874,0.10390954161671549,-0.06400945762277553,-0.003462451625231034,-0.00107574462890625,1.5691664218902588,-0.0006880760192871094,1.5666439533233643,-0.0003197193145751953,1.5674850940704346,0.00043392181396484375,1.5700953006744385,0.11779522895812988,0.0,0.0,0.00010469763947185129,-0.0006544117350131273,0.00042381961247883737
-0.025715662450691155,0.028603779421788416,-0.015889816971915556,-0.10925224055376943,0.008129741276458193,-0.01729569972995626,0.025735833117092922,0.029685683602068257,0.08138704299926758,1.5746557712554932,-0.1266312599182129,1.4503872394561768,0.05806684494018555,1.5730335712432861,-0.06322693824768066,1.5661327838897705,0.005708249751478434,0.008310494013130665,0.11856652796268463,-0.0029888548888266087,0.008008553646504879,-0.00015614941366948187
-0.04217138132245944,0.07593140095132583,0.06613716116693248,-0.07886454130082012,0.07760245179901025,-0.01811811624198278,0.10127957848322958,-0.07751103827311985,0.05633401870727539,1.5731632709503174,-0.14340972900390625,1.3370230197906494,0.06519460678100586,1.570430040359497,-0.04079103469848633,1.5711138248443604,0.0076966541819274426,0.020363101735711098,0.11881975084543228,-0.0044667948968708515,0.009422443807125092,0.005392563063651323
-0.11054655005759845,-0.04676250397876374,-0.10068904698935191,0.09154599192337155,0.05025089787234537,0.10500213028023703,0.12950294448393815,0.023458004862650626,0.01409149169921875,1.57173752784729,-0.07677173614501953,1.258439302444458,0.14567279815673828,1.567643404006958,0.06012535095214844,1.5066158771514893,0.00799523200839758,0.025612661615014076,0.11903011798858643,-0.0021843486465513706,0.013990296982228756,-0.0213963370770216
-0.04505320800578642,-0.06479348461353793,-0.11121911232610901,-0.05611700970878547,0.031006243631802075,-0.03429532877844788,-0.028412879266577,-0.05082751914866351,-0.09644484519958496,1.550431489944458,-0.17846322059631348,1.3495733737945557,0.19974231719970703,1.5778172016143799,0.1900649070739746,1.5309908390045166,0.013495421037077904,0.02166958525776863,0.11897949129343033,-0.0033137043938040733,0.01256589125841856,-0.01504945382475853
0.0440917419814755,-0.10296127434992818,0.0013209201961457812,0.012108995733948717,-0.10925864362957463,-0.08982969113690711,0.1266985583019155,-0.10060373127240582,-0.14510393142700195,1.5091392993927002,-0.2882556915283203,1.3008053302764893,0.22875022888183594,1.5706532001495361,0.1611170768737793,1.4914600849151611,0.01721957139670849,0.02128448151051998,0.11952166259288788,-0.004319974686950445,0.011292790062725544,0.006729554384946823
0.10327921187455195,-0.05590242988373514,0.10399356695634453,0.03530207790915447,0.009728252373364549,0.06855927004635999,-0.08900383060128406,0.06713629690418006,-0.1028890609741211,1.436687707901001,-0.2873861789703369,1.3121893405914307,0.11977195739746094,1.5050327777862549,0.288510799407959,1.4012806415557861,0.018996188417077065,0.02038356103003025,0.1204584389925003,-0.0018532597459852695,0.0062753004021942616,-0.011354733258485794
-0.06930505760185604,-0.04663644380651604,0.03173137322499178,-0.020518121140715866,-0.12045496858912232,0.00916646699157784,0.10795509446753486,-0.07319850629220276,0.0049724578857421875,1.3789350986480713,-0.18759918212890625,1.337764024734497,0.12911272048950195,1.5714247226715088,0.20079374313354492,1.4613687992095947,0.011276247911155224,0.02449561282992363,0.11989560723304749,-0.004440993070602417,0.008217284455895424,-0.014568573795258999
-0.09929773541333665,-0.08239069367769056,-0.003731718930977207,-0.11672883909535013,-0.0773985661797295,0.0787990203117288,0.0698750644118069,0.06287433483818608,-0.06205582618713379,1.3597614765167236,-0.1575782299041748,1.3161346912384033,0.007975578308105469,1.5715267658233643,0.30997657775878906,1.3937513828277588,0.01718141883611679,0.025115065276622772,0.12041346728801727,-0.00413238350301981,0.009350438602268696,-0.02178734727203846
0.07980323222966669,-0.10087395318517789,0.07702523599663526,-0.09202925871032801,0.005520982825395776,0.04919818118609302,-0.031540413698489644,-0.11160518702176803,-0.1612224578857422,1.273677110671997,-0.16054725646972656,1.1973726749420166,-0.07007718086242676,1.574321985244751,0.3811788558959961,1.4533913135528564,0.023517346009612083,0.033704742789268494,0.11969266086816788,-0.0029246280901134014,0.007705125957727432,-0.007283868733793497
0.05226512357198018,-0.05898827188716174,0.017440215217691932,0.0006792608201650952,-0.11563433281305478,0.05072946605648499,0.10560215928960452,0.0700803369398521,-0.00107574462890625,1.5691664218902588,-0.0006880760192871094,1.5666439533233643,-0.0003197193145751953,1.5674850940704346,0.00043392181396484375,1.5700953006744385,0.11779522895812988,0.0,0.0,0.00010469763947185129,-0.0006544117350131273,0.00042381961247883737
-0.027481041461796352,-0.06517667161763682,0.1223664862262143,0.11274995092637205,0.0947976433256194,-0.09458228438080359,0.10836877401162626,0.002194833438303022,0.050661563873291016,1.5182020664215088,0.016566753387451172,1.5656864643096924,-0.11394906044006348,1.5733749866485596,0.10549497604370117,1.5725681781768799,0.0004217738751322031,0.0051451073959469795,0.11825232952833176,-0.0011790096759796143,-0.003353729145601392,-0.018488695845007896
-0.07942500874005892,0.06819689550361893,0.032146297690333676,-0.06586435975910586,-0.09937486738471644,-0.053959960289325336,-0.12887187716776843,0.05311654101023962,0.023104190826416016,1.4581968784332275,0.1398310661315918,1.5712006092071533,-0.01711130142211914,1.4940149784088135,0.2148423194885254,1.5716230869293213,0.004044275730848312,0.009454675950109959,0.11900151520967484,-0.0011684551136568189,-0.01150561310350895,-0.030059268698096275
-0.06365131568391369,0.024098252384228545,-0.071437976426302,0.07795394226426622,0.003327728483982534,0.06271353320647875,-0.10584544578950424,-0.04713688012377612,-0.054757118225097656,1.5223877429962158,0.17080211639404297,1.533264398574829,-0.11645221710205078,1.4563677310943604,0.08656120300292969,1.5724012851715088,0.0029307769145816565,0.003126356517896056,0.11903390288352966,0.0015012185322120786,-0.009455369785428047,-0.0037990643177181482
0.10629644037589335,-0.003993095073743749,-0.046009369611698415,0.10350118197579233,0.08014121675527741,-0.019698718771004566,0.08932990796978205,0.05172480016820539,-0.11966061592102051,1.544140100479126,0.1006159782409668,1.5714428424835205,-0.11677932739257812,1.521728754043579,-0.0171048641204834,1.5466854572296143,0.00535965571179986,0.005322092678397894,0.1184580996632576,0.0009894039249047637,-0.0033565834164619446,0.007241830229759216
-0.08072355389476182,-0.0416826953299153,0.11549712455470576,0.11995624760863847,0.12509597877685627,0.03626907457733159,0.09675008324159676,0.09456071835858722,-0.016527175903320312,1.5381958484649658,0.0562891960144043,1.5731394290924072,-0.03565096855163574,1.5115025043487549,0.07242536544799805,1.5711195468902588,0.006309222429990768,0.006720999255776405,0.11853527277708054,0.0005309731350280344,-0.00573359802365303,-0.0172113049775362
0.0768315261214841,0.07769654545102228,0.11155374592223251,-0.117473142299263,-0.013009150050936636,0.044175097311942586,-0.09286709609217537,-0.09261957191404735,-0.09670591354370117,1.4971802234649658,0.17164945602416992,1.5785963535308838,0.09202098846435547,1.5459253787994385,0.16994857788085938,1.5728189945220947,0.014513912610709667,0.009953586384654045,0.1186676025390625,-0.0007544622640125453,-0.004250045865774155,-0.033048998564481735
0.005975084182005106,-0.012534477773588099,-0.0313891260466931,-0.0687978695109324,0.050994498563157235,-0.10660961825023335,0.10511515026339617,0.035310377246085885,-0.005224943161010742,1.5708248615264893,0.2774186134338379,1.5385515689849854,0.07865238189697266,1.5710279941558838,0.07606220245361328,1.5283558368682861,0.008735350333154202,0.008036885410547256,0.11836402863264084,6.754841160727665e-05,0.004598282743245363,-0.045589424669742584
0.03420882658178034,-0.11582386040600912,-0.02604120118653739,-0.02290464707180756,-0.11435084819554399,-0.08502150464353539,-0.04033394238892835,-0.08311356013393732,-0.0013480186462402344,1.5577890872955322,0.24791955947875977,1.5370142459869385,0.13223791122436523,1.4842455387115479,0.18212413787841797,1.570796251296997,0.009811652824282646,0.00530954310670495,0.11863304674625397,0.0013781888410449028,-0.004392923787236214,-0.0501074381172657
-0.01790830016925141,-0.1278442419748686,-0.06738760241616618,-0.049385957419062446,0.12923106918843288,-0.12011536564168226,-0.031019937415430344,0.11956739992546041,0.02498769760131836,1.4520466327667236,0.22316789627075195,1.5520308017730713,0.018303871154785156,1.4100878238677979,0.14286518096923828,1.5202534198760986,0.006364927161484957,0.0027147727087140083,0.11982937157154083,0.001371484249830246,-0.011605319567024708,-0.03213324025273323
0.0362441363106713,-0.05205004294419839,-0.009181070019836616,0.047106715931229025,-0.06360532521539433,-0.06343304202269982,0.014701437434007876,-0.054831212569387305,-0.00107574462890625,1.5691664218902588,-0.0006880760192871094,1.5666439533233643,-0.0003197193145751953,1.5674850940704346,0.00043392181396484375,1.5700953006744385,0.11779522895812988,0.0,0.0,0.00010469763947185129,-0.0006544117350131273,0.00042381961247883737
-0.014759893407152839,-0.09900152527714873,0.05839739293378251,-0.06790143655417683,0.013018297700647259,0.12573467165744967,-0.01302193544184012,0.09754582425640422,0.033954620361328125,1.5298388004302979,-0.009975910186767578,1.5707619190216064,-0.061981916427612305,1.5081312656402588,0.013781547546386719,1.5199568271636963,-0.001783651881851256,-0.0015394733054563403,0.11868564784526825,0.0016849477542564273,-0.0032571391202509403,0.0009328769519925117
-0.07207999712572222,-0.001353569411479343,0.08264894626682302,0.018143432527072064,-0.09627615170727528,0.10324098874399265,0.027628340190867663,-0.09846905307077157,0.0175628662109375,1.4318583011627197,0.04930543899536133,1.511394739151001,-0.050232887268066406,1.5766680240631104,0.0021271705627441406,1.5742237567901611,-0.0013569907750934362,0.006442837417125702,0.11895817518234253,-0.004950715694576502,-0.003058085683733225,0.005073460750281811
-0.10199319799622236,0.06462270068740666,0.10193823162201907,0.035943807538305735,-0.02295688727308682,0.12403323432534316,0.07760718636825256,0.100763867711876,-0.054688215255737305,1.4456751346588135,0.13233041763305664,1.5361435413360596,-0.14678597450256348,1.582047700881958,0.029121875762939453,1.4944403171539307,0.002415112918242812,0.0019644838757812977,0.11916634440422058,-0.0028849325608462095,0.00023262319155037403,0.01530844159424305
-0.09254974725119844,-0.04440297247201484,-0.041046937445218354,0.10442599652755748,-0.04121439989854993,-0.08319575877788987,-0.09647040732537195,-0.017708578987114983,-0.09638094902038574,1.5068466663360596,0.19892215728759766,1.5711138248443604,-0.1687006950378418,1.5744431018829346,0.10912609100341797,1.5707361698150635,0.004462003242224455,-0.003788809757679701,0.11830129474401474,-0.0021926891058683395,-0.004854004830121994,0.007476243190467358
-0.1243372086972623,0.03931302949573513,-0.08946213180570638,0.09833593716796184,0.0897390461423601,-0.045166841212849904,-0.12576084444219954,-0.1046465589356642,-0.15624761581420898,1.4695465564727783,0.12691736221313477,1.5703184604644775,-0.2140953540802002,1.5469086170196533,0.014404773712158203,1.5632297992706299,0.0040633538737893105,-0.003777804784476757,0.11878855526447296,-0.0027375922072678804,-0.007970288395881653,0.027573196217417717
-0.08875439214901354,-0.0943378596547181,0.010468587439559736,0.10121268759755833,-0.05718312016666781,0.005216094614499595,0.0985241223807648,-0.08203679422568007,-0.29192399978637695,1.5127241611480713,0.04010200500488281,1.5746252536773682,-0.12472057342529297,1.5437138080596924,-0.1130979061126709,1.466036081314087,0.005249361041933298,-0.01453493908047676,0.11911213397979736,0.0009562515188008547,0.0049750623293221,0.055431582033634186
-0.08557187392415336,0.02227533597388373,-0.006855243800752496,-0.06266598577005224,-0.02879954345767309,0.1300030545665523,-0.033344300097971645,0.07841985733562302,-0.31340456008911133,1.4411098957061768,-0.03638935089111328,1.5717670917510986,-0.18224167823791504,1.5709717273712158,-0.01783275604248047,1.390712022781372,0.010202916339039803,-0.013059918768703938,0.12023967504501343,-0.0033458194229751825,0.01376694068312645,0.052450213581323624
-0.021351056872551174,0.04292382871746609,0.08707127254958479,0.01658775141431371,0.09139403395325088,-0.11236317501272293,0.002339809856371476,-0.11820169210507665,-0.3400728702545166,1.4532148838043213,-0.0612940788269043,1.5647366046905518,-0.2126147747039795,1.5714695453643799,-0.05051064491271973,1.4676001071929932,0.00873964186757803,-0.015094921924173832,0.11965613812208176,-0.0025514373555779457,0.00887285266071558,0.055078212171792984
-0.004642471900218863,0.06739293445281422,0.10959912218685598,-0.04168192101310391,-0.028382338849293236,0.11087720126895623,-0.12290649062736703,-0.024499178777003416,-0.32297658920288086,1.5154716968536377,-0.03591322898864746,1.5717566013336182,-0.12015175819396973,1.5112602710723877,-0.05147242546081543,1.352480173110962,0.006268832832574844,-0.024350816383957863,0.119644895195961,0.002636461751535535,0.006663693580776453,0.04696200042963028
